x,y,xy,x^4,x^3,x^2,x^2y
1958.2027,315.71,618224.1744,14703833631111.7207,7508841465.2435,3834557.8143,1210608247.5486403
1958.2877,317.45,621658.4304,14706386803442.7949,7509819319.9308,3834890.7160,1217386057.785086
1958.3699,317.51,621802.0269,14708856187509.9922,7510765043.6774,3835212.6652,1217718373.3359103
1958.4548,317.27,621358.9544,14711407009189.1289,7511741914.6917,3835545.2036,1216903426.7598271
1958.5370,315.87,618643.0822,14713877025432.0234,7512687799.8384,3835867.1804,1211635366.263156
1958.6219,314.93,616828.7950,14716428500107.4590,7513664837.5613,3836199.7472,1208134386.372976
1958.7068,313.21,613486.5568,14718980306599.2812,7514641959.9908,3836532.3284,1201640290.5675898
1958.7890,312.42,611964.8594,14721451276417.0898,7515588088.5675,3836854.3465,1198710034.940091
1958.8740,313.33,613773.9904,14724006742699.6504,7516566528.8833,3837187.3479,1202305911.7099872
1958.9562,314.67,616424.7475,14726478345342.2676,7517512818.9912,3837509.3935,1207549080.8584478
1959.0411,315.58,618234.1903,14729031458665.2246,7518490274.9949,3837842.0315,1211146188.2973647
1959.1260,316.49,620043.7877,14731584903946.6309,7519467815.7233,3838174.6839,1214743905.6999152
1959.2027,316.65,620381.5350,14733892012153.3906,7520351014.2944,3838475.2197,1215453178.3139803
1959.2877,317.72,622504.8880,14736449097900.9648,7521329867.9418,3838808.2914,1219666170.3344865
1959.3699,318.29,623647.8455,14738922266795.1738,7522276557.7828,3839130.4050,1221956816.6157286
1959.4548,318.15,623400.5446,14741476997953.9355,7523254426.6670,3839463.1132,1221525189.478273
1959.5370,316.54,620271.8420,14743950799669.6074,7524201277.9905,3839785.2544,1215445624.4179633
1959.6219,314.80,616888.9741,14746506184491.6738,7525179313.6685,3840117.9910,1208869143.5540853
1959.7068,313.84,615034.3821,14749061901469.0410,7526157434.0963,3840450.7420,1205287060.8586845
1959.7890,313.33,614060.6874,14751536657733.5957,7527104528.9741,3840772.9245,1203429380.4401648
1959.8740,314.81,616987.9339,14754096039775.7676,7528083968.5489,3841106.0959,1209218610.0427234
1959.9562,315.58,618522.9776,14756571429511.4180,7529031225.0403,3841428.3059,1212277944.7817414
1960.0410,316.43,620215.7736,14759125442650.9160,7530008526.6843,3841760.7217,1215648345.1615188
1960.1257,316.98,621320.6444,14761676774911.3477,7530984760.2689,3842092.7598,1217866563.0015595
1960.2049,317.58,622521.8721,14764062735487.6816,7531897678.3946,3842403.2500,1220270424.1299217
1960.2896,319.03,625391.1911,14766614707820.3691,7532874075.2491,3842735.3159,1225947847.821419
1960.3716,320.03,627377.7231,14769085645552.6836,7533819427.6803,3843056.8101,1229893470.9320016
1960.4563,319.58,626522.6244,14771638269002.1641,7534795990.6080,3843388.9042,1228270226.0073328
1960.5383,318.18,623804.0763,14774109837149.0840,7535741503.8253,3843710.4258,1222991783.270509
1960.6230,315.90,619360.8057,14776663111826.0977,7536718232.8403,3844042.5481,1214333040.9539511
1960.7077,314.17,615995.5381,14779216717433.1875,7537695046.2495,3844374.6848,1207787194.7359598
1960.7896,313.83,615354.6002,14781686221054.0488,7538639648.5651,3844695.8555,1206580900.3215728
1960.8743,315.00,617675.4045,14784240477664.9102,7539616627.9832,3845028.0204,1211183826.4261541
1960.9563,316.19,620034.7725,14786713627047.0254,7540562544.4315,3845349.6105,1215861093.347059
1961.0411,316.89,621434.3142,14789271551779.2539,7541540843.6770,3845682.1959,1218658231.0553317
1961.1260,317.70,623049.7302,14791832825372.8633,7542520381.3385,3846015.1879,1221879025.1882052
1961.2027,318.54,624721.5081,14794147006383.5059,7543405384.0450,3846316.0305,1225205508.3514214
1961.2877,319.48,626592.1944,14796711930956.6992,7544386237.1424,3846649.4422,1228927563.784884
1961.3699,320.58,628775.9625,14799192681102.9922,7545334860.6517,3846971.8846,1233262246.773406
1961.4548,319.77,627214.4014,14801755243200.5430,7546314726.8041,3847304.9324,1230252698.2473109
1961.5370,318.56,624867.2267,14804236627460.8203,7547263511.9607,3847627.4024,1225700185.2986686
1961.6219,316.79,621422.2017,14806799844556.7051,7548243545.0770,3847960.4786,1218995400.0028992
1961.7068,314.99,617918.0249,14809363394486.2363,7549223663.0297,3848293.5692,1212173991.3516738
1961.7890,315.31,618571.6896,14811845735244.8242,7550172691.9892,3848616.0805,1213507136.3490765
1961.8740,316.10,620148.3714,14814412960802.4277,7551154131.6121,3848949.5919,1216652965.9920037
1961.9562,317.01,621959.7350,14816895936325.6816,7552103322.3503,3849272.1307,1220257758.1590526
1962.0411,317.94,623811.3473,14819460797092.3008,7553083774.3880,3849605.2781,1223943502.1156833
1962.1260,318.55,625035.2373,14822025990834.8477,7554064311.2801,3849938.4399,1226397890.0224998
1962.2027,319.68,627276.9591,14824343713661.6777,7554950216.7445,3850239.4359,1230844542.864449
1962.2877,320.57,629050.5680,14826912563648.0723,7555932070.3320,3850573.0176,1234378192.2428286
1962.3699,321.02,629959.9853,14829397110223.3867,7556881661.4153,3850895.6244,1236214513.3532376
1962.4548,320.62,629202.2580,14831963593784.1738,7557862526.9658,3851228.8420,1234780991.3358395
1962.5370,319.61,627246.4506,14834448775120.2246,7558812279.7788,3851551.4764,1230994367.362296
1962.6219,317.40,622936.1911,14837015914347.3730,7559793312.3784,3851884.7224,1222588210.8769403
1962.7068,316.24,620686.3984,14839583386747.5977,7560774429.8576,3852217.9828,1218225414.8699958
1962.7890,315.42,619102.9064,14842069525557.4199,7561724426.5978,3852540.6585,1215168374.5106938
1962.8740,316.69,621622.5671,14844640678874.9238,7562706867.0098,3852874.3399,1220166774.6953306
1962.9562,317.70,623631.1847,14847127453096.6914,7563657025.6110,3853197.0431,1224160700.5987284
1963.0411,318.74,625699.7202,14849696237670.6855,7564638477.3455,3853530.3603,1228274267.0385826
1963.1260,319.07,626374.6128,14852265355560.1113,7565620013.9778,3853863.6919,1229652288.1668751
1963.2027,319.86,627950.0156,14854586623815.0820,7566506822.6603,3854164.8413,1232793166.1341527
1963.2877,321.38,630961.4010,14857159403217.6562,7567489677.2478,3854498.5930,1238758757.8091133
1963.3699,322.24,632676.3166,14859647750093.2734,7568440236.3983,3854821.3642,1242177636.4081893
1963.4548,321.49,631231.0837,14862218159115.9082,7569422101.8563,3855154.7516,1239393701.105721
1963.5370,319.74,627821.3204,14864707141399.3457,7570372822.8189,3855477.5504,1232750391.9549842
1963.6219,317.77,623980.1312,14867278206756.7090,7571354855.4112,3855810.9662,1225261050.7165394
1963.7068,316.21,620943.7272,14869849605626.7520,7572336972.9263,3856144.3964,1219351419.5749686
1963.7890,315.99,620537.6861,14872339546359.9180,7573287937.9403,3856467.2365,1218605082.068271
1963.8740,317.07,622685.5292,14874914631441.4980,7574271379.6514,3856801.0879,1222875920.9328432
1963.9562,318.35,625225.4563,14877405208234.2188,7575222506.6090,3857123.9555,1227915411.2392955
1964.0410,319.57,627648.5824,14879974890133.6426,7576203801.3125,3857457.0497,1232727549.3665571
1964.1257,320.04,628598.7890,14882541874028.7695,7577184023.4201,3857789.7654,1234647036.518773
1964.2049,320.75,630018.7217,14884942471122.4473,7578100671.2296,3858100.8892,1237485860.2057712
1964.2896,321.84,632186.9649,14887510097704.8145,7579081056.9403,3858433.6327,1241798280.3379207
1964.3716,322.25,633018.7481,14889996191960.4668,7580030271.2381,3858755.7829,1243484051.035194
1964.4563,321.89,632338.8384,14892564472319.5078,7581010823.3609,3859088.5546,1242202014.8433132
1964.5383,320.44,629516.6529,14895051199564.9688,7581960198.7729,3859410.7322,1236709575.015558
1964.6230,318.69,626105.7039,14897620133811.6504,7582940917.3219,3859743.5321,1230061666.2541912
1964.7077,316.71,622242.5757,14900189400340.0957,7583921720.4371,3860076.3464,1222524779.6807873
1964.7896,316.87,622582.8806,14902674048451.3516,7584870180.7315,3860398.1723,1223244368.846612
1964.8743,317.68,624201.2676,14905243968642.4199,7585851150.1944,3860731.0148,1226477028.7818196
1964.9563,318.71,626251.2224,14907732283581.3516,7586800929.6600,3861053.2609,1230556284.7845273
1965.0411,319.44,627712.7290,14910305893051.4121,7587783224.0005,3861386.5247,1233481311.446721
1965.1260,320.44,629704.9754,14912882871236.5703,7588766761.6410,3861720.1959,1237449619.5665054
1965.2027,320.89,630613.8944,14915211241191.0430,7589655378.1404,3862021.6521,1239284127.9382906
1965.2877,322.14,633097.7797,14917791891443.0781,7590640236.2581,3862355.7438,1244219279.2984834
1965.3699,322.17,633183.2207,14920287850541.0391,7591592733.0224,3862678.8438,1244439243.1154256
1965.4548,321.87,632620.9365,14922866122491.3516,7592576599.8238,3863012.5708,1243387856.1772492
1965.5370,321.21,631350.1398,14925362718292.2891,7593529258.5651,3863335.6984,1240942059.6731064
1965.6219,318.87,626777.8553,14927941647915.0859,7594513292.6709,3863669.4538,1232008278.720327
1965.7068,317.82,624740.9352,14930520911730.2910,7595497411.7861,3864003.2236,1228057504.5138223
1965.7890,317.30,623744.8497,14933018467934.3652,7596450314.8275,3864326.3925,1226150764.3469133
1965.8740,318.87,626858.2424,14935601428564.7852,7597435760.6666,3864660.5839,1232324320.3805401
1965.9562,319.42,627965.7294,14938099622124.6211,7598388825.8165,3864983.7803,1234553119.1093163
1966.0411,320.62,630352.0975,14940680202127.7266,7599373279.6978,3865317.6069,1239298131.1208184
1966.1260,321.60,632306.1216,14943261116465.8145,7600357818.6066,3865651.4479,1243193505.6369216
1966.2027,322.39,633884.0885,14945593042695.3281,7601247339.7048,3865953.0575,1246344606.2033274
1966.2877,323.70,636487.3285,14948177634384.7227,7602233200.3525,3866287.3192,1251517205.2157466
1966.3699,324.08,637261.1572,14950677405408.6719,7603186666.6636,3866610.5836,1253091157.941517
1966.4548,323.75,636639.7415,14953259614828.8926,7604171534.9007,3866944.4804,1251923275.5434341
1966.5370,322.37,633952.5327,14955760023203.8887,7605125163.2712,3867267.7724,1246691111.7785945
1966.6219,320.36,630026.9919,14958342890965.9805,7606110198.8979,3867601.6976,1239024879.8301969
1966.7068,318.64,626671.4548,14960926093260.6055,7607095319.5772,3867935.6372,1232479011.4266505
1966.7890,318.10,625635.5809,14963427463016.1855,7608049192.3720,3868258.9705,1230493178.52273
1966.8740,319.78,628966.9677,14966014367435.4512,7609035641.0403,3868593.3319,1237098775.6673071
1966.9562,321.02,631432.2793,14968516375195.3945,7609989676.0260,3868916.6927,1241999636.6964736
1967.0411,322.33,634036.3578,14971100895017.3242,7610975131.6418,3869250.6891,1247175574.614125
1967.1260,322.50,634398.1350,14973685749514.4316,7611960672.3283,3869584.6999,1247941065.7100098
1967.2027,323.03,635465.4882,14976021235638.3027,7612851098.4853,3869886.4629,1250089424.1064813
1967.2877,324.41,638207.8028,14978609772776.1992,7613837962.1731,3870220.8946,1255538360.4078724
1967.3699,325.00,639395.2175,14981113359605.3066,7614792398.5242,3870544.3234,1257926905.1134531
1967.4548,324.09,637632.4261,14983699510502.1973,7615778268.7065,3870878.3900,1254512977.4290488
1967.5370,322.54,634609.3840,14986203735330.7559,7616732867.1993,3871201.8464,1248617443.5278573
1967.6219,320.92,631449.2201,14988790545239.2441,7617718904.8563,3871535.9414,1242453314.3011262
1967.7068,319.25,628190.3959,14991377690020.5645,7618705027.6091,3871870.0508,1236094513.707122
1967.7890,319.39,628492.1287,14993882877207.6543,7619659870.6506,3872193.5485,1236739897.4621222
1967.8740,320.73,631156.2280,14996473729428.0996,7620647322.6579,3872528.0799,1242035931.0586295
1967.9562,321.96,633603.1782,14998979555268.4805,7621602327.9728,3872851.6051,1246903302.783933
1968.0410,322.57,634830.9854,15001564969881.9082,7622587623.8767,3873185.3777,1249373407.2785602
1968.1257,323.15,635999.8200,15004147669293.1484,7623571842.6385,3873518.7710,1251727590.8488083
1968.2049,323.89,637481.8851,15006562962639.9375,7624492227.7350,3873830.5284,1254694969.838297
1968.2896,325.02,639733.4858,15009146307358.7344,7625476610.4331,3874163.9495,1259180766.8561413
1968.3716,325.57,640842.7418,15011647619990.5645,7626429694.4696,3874486.7557,1261416653.0488732
1968.4563,325.36,640456.9418,15014231621151.3379,7627414243.9186,3874820.2050,1260711501.9019527
1968.5383,324.14,638082.0046,15016733569353.4277,7628367489.3973,3875143.0386,1256088864.5210717
1968.6230,322.11,634113.1545,15019318227067.3730,7629352205.6114,3875476.5161,1248329740.6103122
1968.7077,320.33,630636.1375,15021903218417.5195,7630337006.5640,3875810.0080,1241538219.8752255
1968.7896,320.25,630504.8694,15024403072809.7324,7631289332.6995,3876132.4891,1241331429.6240783
1968.8743,321.32,632638.6901,15026988720486.7715,7632274300.3384,3876466.0092,1245586058.0763013
1968.9563,322.89,635756.2997,15029492262853.7734,7633227950.6934,3876788.9113,1251776371.5727859
1969.0411,324.00,637969.3164,15032081621048.3125,7634214248.2695,3877122.8535,1256187804.530504
1969.1260,324.41,638804.1657,15034674367889.8867,7635201794.0395,3877457.2039,1257885891.5094132
1969.2027,325.63,641231.4752,15037016984667.7812,7636094031.6951,3877759.2737,1262714752.2907922
1969.2877,326.66,643287.5201,15039613424744.2598,7637082902.9929,3878094.0454,1266818200.8609858
1969.3699,327.38,644732.3179,15042124654829.0996,7638039280.9036,3878417.8030,1269716420.354655
1969.4548,326.71,643440.5777,15044718700707.7637,7639027156.5043,3878752.2092,1267227134.2817936
1969.5370,325.88,641832.7176,15047230570089.8477,7639983696.7215,3879075.9944,1264113285.0449698
1969.6219,323.66,637487.8242,15049825276320.5879,7640971739.9672,3879410.4290,1255609979.4370675
1969.7068,322.38,634994.0782,15052420318105.2715,7641959868.3953,3879744.8780,1250752153.7587564
1969.7890,321.78,633838.7044,15054933151803.2715,7642916653.4097,3880068.7045,1248528507.7407672
1969.8740,322.85,635973.8209,15057531911671.2480,7643906113.6252,3880403.5759,1252788294.4715667
1969.9562,324.11,638482.5040,15060045385321.3828,7644863061.0779,3880727.4299,1257782567.3108659
1970.0411,325.06,640381.5600,15062641748655.6758,7645851524.9533,3881061.9357,1261577992.8151345
1970.1260,325.99,642241.3747,15065238447686.7734,7646840074.0292,3881396.4559,1265296430.6510172
1970.2027,326.93,644118.3687,15067584635228.0137,7647733218.1242,3881698.6791,1269043749.1540077
1970.2877,328.13,646510.5030,15070185032798.6543,7648723093.9921,3882033.6208,1273811691.9836833
1970.3699,328.08,646438.9568,15072700090338.0117,7649680443.4223,3882357.5428,1273723862.650357
1970.4548,327.67,645658.9243,15075298089725.8555,7650669322.4964,3882692.1188,1272241726.581299
1970.5370,326.34,643065.0446,15077813787211.8477,7651626834.3156,3883016.0684,1267183463.7515395
1970.6219,324.68,639821.5185,15080412447622.5176,7652615881.1198,3883350.6728,1260846296.4315903
1970.7068,323.10,636735.3671,15083011443927.9492,7653605013.1496,3883685.2916,1254818717.7050521
1970.7890,323.06,636683.0943,15085528106709.2930,7654562769.8903,3884009.2825,1254768038.8112342
1970.8740,324.01,638582.8847,15088130826427.7012,7655553234.9748,3884344.3239,1258566404.3790627
1970.9562,325.13,640816.9893,15090648129811.0996,7656511154.2363,3884668.3423,1263022218.1379945
1971.0411,326.17,642894.4756,15093248449008.2676,7657500621.8837,3885003.0179,1267171434.3449235
1971.1260,326.69,643947.1529,15095849104243.1289,7658490174.7748,3885337.7079,1269300975.7860105
1971.2027,327.18,644938.0994,15098198866174.3965,7659384225.7696,3885640.0845,1271303722.8425517
1971.2877,327.78,646148.6823,15100803225258.4980,7660375106.7176,3885975.1962,1273744949.8010254
1971.3699,328.93,648442.7012,15103322114139.4375,7661333428.1605,3886299.2826,1278320423.0341733
1971.4548,328.57,647760.9036,15105924071051.3730,7662323311.2174,3886634.0284,1277031342.7255297
1971.5370,327.36,645402.3523,15108443600528.6680,7663281795.1318,3886958.1424,1272434617.485916
1971.6219,325.43,641624.9149,15111046219134.5215,7664271846.0038,3887292.9166,1265041733.835994
1971.7068,323.36,637571.1108,15113649173976.1230,7665261982.1447,3887627.7052,1257103294.7425554
1971.7890,323.56,637992.0488,15116169669728.7051,7666220711.1048,3887951.8605,1257985703.9901748
1971.8740,324.80,640464.6752,15118776353318.0391,7667212181.5684,3888287.0719,1262915640.945325
1971.9562,326.01,642877.4408,15121297490322.9219,7668171073.1318,3888611.2547,1267726155.1507587
1972.0410,326.77,644403.8376,15123898701734.6895,7669160378.3769,3888945.7057,1270790788.2453802
1972.1257,327.63,646127.5431,15126497180673.5586,7670148601.9241,3889279.7766,1274244733.2076187
1972.2049,327.75,646390.1560,15128927230130.8750,7671072731.9108,3889592.1676,1274813832.9256592
1972.2896,329.72,650303.3269,15131526357002.9492,7672061119.7275,3889926.2663,1282586488.513938
1972.3716,330.07,651020.6940,15134042949989.7520,7673018081.3746,3890249.7285,1284054727.8815587
1972.4563,329.09,649115.6438,15136642735974.5293,7674006636.2811,3890583.8554,1280352240.976775
1972.5383,328.04,647071.4639,15139159967117.2910,7674963759.6985,3890907.3450,1276373245.4429386
1972.6230,326.32,643706.3374,15141760412326.1914,7675952481.7090,3891241.5001,1269789926.3220954
1972.7077,324.84,640814.3693,15144361192528.4863,7676941288.6301,3891575.6696,1264139440.525627
1972.7896,325.20,641551.1779,15146876315118.0117,7677897488.4691,3891898.8059,1265645491.6683257
1972.8743,326.50,644143.4590,15149477754316.8906,7678886462.4152,3892233.0036,1270814075.67556
1972.9563,327.55,646241.8361,15151996586109.1660,7679843991.5315,3892556.5617,1275006901.7880092
1973.0411,328.55,648242.6534,15154601757145.0801,7680834300.4842,3892891.1823,1279009397.94112
1973.1260,329.57,650283.1358,15157210336838.3477,7681825862.5340,3893226.2119,1283090562.6479733
1973.2027,330.30,651748.8518,15159567258437.0664,7682721728.7089,3893528.8953,1286032594.113392
1973.2877,331.50,654144.8725,15162179552614.1543,7683714621.3470,3893864.3470,1290816031.0209827
1973.3699,332.48,656106.0244,15164706115847.3418,7684674888.2951,3894188.7622,1294739879.6649039
1973.4548,332.07,655325.1354,15167315999860.3477,7685666780.8456,3894523.8476,1293254534.0868244
1973.5370,330.87,652984.1872,15169843204990.3223,7686627210.4300,3894848.2904,1288688453.834391
1973.6219,329.31,649933.4279,15172453752040.4512,7687619270.9660,3895183.4042,1282722846.8238013
1973.7068,327.52,646428.4511,15175064636008.8223,7688611416.8573,3895518.5324,1275860229.7205908
1973.7890,327.19,645804.0229,15177592809375.4434,7689572091.7360,3895843.0165,1274680876.575506
1973.8740,328.17,647766.2306,15180207432776.2793,7690565574.4877,3896178.5679,1278608920.619867
1973.9562,328.65,648740.7051,15182736248696.6895,7691526412.1345,3896503.0795,1280585737.0837352
1974.0411,329.36,650170.1767,15185348459587.2754,7692518894.1544,3896838.2645,1283462650.7921662
1974.1260,330.71,652863.2095,15187961007539.2598,7693511461.5477,3897173.4639,1288834236.2384317
1974.2027,331.49,654428.4530,15190321514419.0840,7694408236.0029,3897476.3007,1291974418.91483
1974.2877,332.65,656746.8034,15192937782179.7734,7695402135.2510,3897811.9224,1296607135.9768095
1974.3750,333.19,657842.0062,15195625194848.7852,7696423017.3340,3898156.6406,1298826811.0898438
1974.4583,332.20,655915.0473,15198189805296.0078,7697397207.7790,3898485.5784,1295076909.1573992
1974.5417,331.07,653711.5206,15200757819706.0059,7698372650.0717,3898814.9250,1290780657.2326252
1974.6250,329.15,649947.8187,15203323079798.2617,7699347005.0254,3899143.8906,1283403211.5992186
1974.7083,327.33,646381.2678,15205888664559.2852,7700321442.1894,3899472.8701,1276414454.5661964
1974.7917,327.28,646309.8276,15208457654535.0859,7701297131.5076,3899802.2584,1276327283.1255157
1974.8750,328.31,648371.2113,15211023889105.6641,7702271733.2012,3900131.2656,1280452095.8173437
1974.9583,329.58,650906.7565,15213590448427.2246,7703246417.1154,3900460.2867,1285513701.3034034
1975.0417,330.73,653205.5414,15216160414215.8691,7704222353.4905,3900789.7167,1290108183.0170531
1975.1250,331.46,654674.9325,15218727623511.5234,7705197201.9551,3901118.7656,1293064826.0540624
1975.2083,331.94,655650.6431,15221295157640.3867,7706172132.6507,3901447.8284,1295046592.1554081
1975.2917,333.11,657989.4182,15223866099488.9473,7707148316.1140,3901777.3001,1299721036.4326103
1975.3750,333.95,659676.4812,15226434283756.4648,7708123411.3809,3902106.3906,1303108429.1492188
1975.4583,333.42,658657.3064,15229002792939.4258,7709098588.8892,3902435.4950,1301150042.7558668
1975.5417,331.97,655820.5781,15231574711095.0098,7710075019.4719,3902765.0084,1295600899.8514583
1975.6250,329.95,651857.4688,15234143870581.2070,7711050361.5723,3903094.1406,1287825911.6992188
1975.7083,328.49,649000.4195,15236713355065.0957,7712025785.9245,3903423.2867,1282235515.4444335
1975.7917,328.36,648770.9626,15239286249774.8340,7713002463.6579,3903752.8418,1281836283.1297998
1975.8750,329.38,650813.7075,15241856384726.5625,7713978052.6230,3904082.0156,1285926534.3065624
1975.9583,330.77,653587.7269,15244426844758.2402,7714953723.8505,3904411.2033,1291462093.7284045
1976.0417,331.56,655176.3861,15247000716269.2988,7715930648.7658,3904740.8001,1294655859.6940503
1976.1250,332.74,657535.8325,15249571826933.4375,7716906484.6270,3905070.0156,1299372996.9990625
1976.2083,333.36,658788.7989,15252143262759.7930,7717882402.7608,3905399.2450,1301903892.3094964
1976.2917,334.74,661543.8837,15254718111319.3711,7718859574.8894,3905728.8835,1307403686.459071
1976.3750,334.72,661532.2400,15257290197942.8320,7719835657.6777,3906058.1406,1307435780.8300002
1976.4583,333.97,660077.7785,15259862609810.7871,7720811822.7492,3906387.4116,1304616203.86504
1976.5417,333.08,658346.5094,15262438435666.1133,7721789242.1223,3906717.0918,1301249328.9496973
1976.6250,330.68,653630.3550,15265011498495.8398,7722765571.8691,3907046.3906,1291982100.451875
1976.7083,328.96,650257.9624,15267584886652.3477,7723741983.9095,3907375.7033,1285370311.353913
1976.7917,328.72,649810.9676,15270161690050.6836,7724719650.5584,3907705.4252,1284540927.368092
1976.8750,330.16,652685.0500,15272735729333.6484,7725696227.2949,3908034.7656,1290276758.21875
1976.9583,331.62,655598.9114,15275310094025.6953,7726672886.3354,3908364.1199,1296091709.4541347
1977.0417,332.68,657722.2328,15277887875214.3301,7727650800.2913,3908693.8835,1300344281.175718
1977.1250,333.17,658718.7363,15280462891197.5391,7728627624.0488,3909023.2656,1302369281.4082813
1977.2083,334.96,662285.6922,15283038232672.1387,7729604530.1206,3909352.6616,1309476767.5258145
1977.2917,336.14,664646.8320,15285616991898.3965,7730582691.4149,3909682.4669,1314200664.4200315
1977.3750,336.93,666236.9587,15288192984828.8867,7731559762.2246,3910011.8906,1317400306.3082812
1977.4583,336.17,664762.1567,15290769303333.0859,7732536915.3590,3910341.3282,1314539444.3140678
1977.5417,334.89,662258.9399,15293349040844.3203,7733515324.0229,3910671.1752,1309644669.875752
1977.6250,332.56,657678.9700,15295926010969.1602,7734492641.9160,3911000.6406,1300642373.04625
1977.7083,331.29,655194.9827,15298503306750.0391,7735470042.1443,3911330.1199,1295784555.4179904
1977.7917,331.28,655202.8344,15301084022793.6348,7736448698.2090,3911660.0086,1295854727.6453273
1977.8750,332.46,657564.3225,15303661970359.9219,7737426263.2168,3911989.5156,1300580034.3646874
1977.9583,333.60,659846.8889,15306240243664.5879,7738403910.5701,3912319.0365,1305149630.5893738
1978.0417,334.94,662525.2870,15308821938487.9629,7739382814.0670,3912648.9669,1310502644.9865117
1978.1250,335.26,663186.1875,15311400863742.8281,7740360626.2207,3912978.5156,1311865177.1484375
1978.2083,336.66,665983.6063,15313980114818.4238,7741338520.7303,3913308.0782,1317454297.603072
1978.2917,337.69,668049.3242,15316562788669.0234,7742317671.6907,3913638.0503,1321596433.2020552
1978.3750,338.02,668730.3175,15319142691859.6289,7743295731.0215,3913967.6406,1322999341.8840625
1978.4583,338.01,668738.6900,15321722920953.3262,7744273872.7186,3914297.2448,1323071611.7279932
1978.5417,336.50,665779.2821,15324306574078.6309,7745253271.1737,3914627.2586,1317272072.5319865
1978.6250,334.42,661691.7725,15326887455452.1680,7746231577.7129,3914956.8906,1309239883.3628125
1978.7083,332.36,657643.4906,15329468662811.1680,7747209966.6288,3915286.5365,1301284633.2674477
1978.7917,332.45,657849.3007,15332053295458.6895,7748189612.6099,3915616.5920,1301746736.0067065
1978.8750,333.76,660469.3200,15334635155262.3828,7749168166.3887,3915946.2656,1306986225.615
1978.9583,334.91,662772.9243,15337217341133.9219,7750146802.5546,3916275.9531,1311599979.465746
1979.0417,336.14,665235.0770,15339802953551.1992,7751126696.0930,3916606.0503,1316527957.7609143
1979.1250,336.69,666351.5962,15342385792032.3047,7752105497.1426,3916935.7656,1318793102.9282813
1979.2083,338.27,669506.7916,15344968956663.6465,7753084380.5898,3917265.4948,1325093398.9222379
1979.2917,338.82,670623.6138,15347555549098.2559,7754064521.7167,3917595.6337,1327359752.6064696
1979.3750,339.24,671483.1750,15350139366504.0586,7755043570.0684,3917925.3906,1329117009.515625
1979.4583,339.26,671551.0229,15352723510142.5020,7756022700.8281,3918255.1614,1329307246.0697577
1979.5417,337.54,668174.5054,15355311082842.0449,7757003089.5747,3918585.3420,1322679296.3518069
1979.6250,335.72,664599.7050,15357895879419.8633,7757982385.2598,3918915.1406,1315658191.0106251
1979.7083,333.97,661163.1810,15360481002312.7363,7758961763.3632,3919244.9531,1308910236.9830966
1979.7917,334.24,661725.5778,15363069555524.8477,7759942399.7610,3919575.1754,1310078806.6219826
1979.8750,335.32,663891.6850,15365655331522.0312,7760921942.8105,3919905.0156,1314422549.839375
1979.9583,336.81,666869.7550,15368241433916.6914,7761901568.2889,3920234.8697,1320374306.4767556
1980.0417,337.90,669056.0904,15370830967889.0410,7762882452.3691,3920565.1337,1324758958.6903708
1980.1250,338.34,669955.4925,15373417723552.9688,7763862242.8145,3920895.0156,1326595619.5865624
1980.2083,340.07,673409.4366,15376004805696.8086,7764842115.6990,3921224.9114,1333490955.6160197
1980.2917,340.93,675140.8493,15378595320677.0918,7765823247.4928,3921555.2171,1336975820.1621153
1980.3750,341.45,676199.0437,15381183056255.1758,7766803285.3652,3921885.1406,1339127681.2664063
1980.4583,341.36,676049.2453,15383771118395.6172,7767783405.6873,3922215.0780,1338887339.0393555
1980.5417,339.45,672294.8801,15386362614631.5625,7768764785.2260,3922545.4254,1331508044.665231
1980.6250,337.67,668797.6438,15388951330371.2461,7769745070.5566,3922875.3906,1324637333.1523438
1980.7083,336.25,666013.1659,15391540372755.7402,7770725438.3474,3923205.3697,1319177805.5578892
1980.7917,336.14,665823.3220,15394132850495.1113,7771707065.6622,3923535.7588,1318857309.9592974
1980.8750,337.30,668149.1375,15396722546643.8672,7772687598.4824,3923865.7656,1323519922.7453125
1980.9583,338.29,670138.3833,15399312569519.9004,7773668213.7731,3924195.7863,1327516192.560583
1981.0417,339.29,672147.6384,15401906029010.4863,7774650088.8954,3924526.2171,1331552500.2130542
1981.1250,340.55,674672.1188,15404496705815.8203,7775630869.2363,3924856.2656,1336609801.2585938
1981.2083,341.63,676840.1915,15407087709430.9062,7776611732.0581,3925186.3280,1340961405.2308445
1981.2917,342.60,678790.5364,15409682150920.5312,7777593855.0192,3925516.8005,1344882055.847494
1981.3750,343.04,679690.8800,15412273808629.9805,7778574882.9121,3925846.8906,1346722517.3600001
1981.4583,342.54,678728.7261,15414865793231.6660,7779555993.2963,3926176.9946,1344872667.7436054
1981.5417,340.82,675349.0422,15417461216968.1855,7780538364.1274,3926507.5088,1338232289.1624706
1981.6250,338.48,670740.4300,15420053855829.3164,7781519639.6035,3926837.6406,1329156004.59875
1981.7083,336.95,667736.6117,15422646821665.1816,7782500997.5813,3927167.7863,1323259185.5900414
1981.7917,337.05,667962.8925,15425243227896.4785,7783483616.3137,3927498.3422,1323763316.2347655
1981.8750,338.58,671023.2375,15427836848156.8906,7784465139.4043,3927828.5156,1329884178.8203125
1981.9583,339.91,673687.4458,15430430795474.5430,7785446745.0070,3928158.7029,1335220424.715958
1982.0417,340.93,675737.4768,15433028184448.5371,7786429611.6719,3928489.3005,1339339857.2327237
1982.1250,341.76,677411.0400,15435622786355.8594,7787411382.4082,3928819.5156,1342713357.6599998
1982.2083,342.78,679461.3611,15438217715402.9395,7788393235.6670,3929149.7446,1346833949.4501796
1982.2917,343.96,681829.0531,15440816087367.5781,7789376350.2958,3929480.3839,1351584072.8424225
1982.3750,344.77,683463.4287,15443411671169.4727,7790358368.7090,3929810.6406,1354880814.5682812
1982.4583,343.88,681727.7602,15446007582193.6523,7791340469.6551,3930140.9112,1351496856.5568295
1982.5417,342.42,678861.9289,15448606937396.9141,7792323832.2790,3930471.5922,1345872082.6144407
1982.6250,340.24,674568.3300,15451203503341.0742,7793306098.4004,3930801.8906,1337416035.2662501
1982.7083,338.37,670889.0075,15453800396590.0566,7794288447.0651,3931132.2029,1330177203.4915137
1982.7917,338.41,670996.5392,15456400735279.9531,7795272057.7154,3931462.9256,1330446368.6485364
1982.8750,339.44,673067.0900,15458998283614.1016,7796254571.5762,3931793.2656,1334607906.08375
1982.9583,340.78,675752.5295,15461596159335.6211,7797237167.9907,3932123.6195,1339989087.066463
1983.0417,341.57,677347.5535,15464197481760.1953,7798221026.6986,3932454.3839,1343208443.9220066
1983.1250,342.79,679795.4188,15466796012732.0859,7799203788.3301,3932784.7656,1348119289.8085938
1983.2083,343.37,680974.2340,15469394871173.9082,7800186632.5256,3933115.1612,1350513752.8974292
1983.2917,345.40,685028.9532,15471997177581.2305,7801170739.3225,3933445.9673,1358612237.1015825
1983.3750,346.14,686525.4225,15474596691438.6523,7802153748.7559,3933776.3906,1361637359.8509374
1983.4583,345.76,685800.5418,15477196532848.5742,7803136840.7637,3934106.8278,1360256776.7935746
1983.5417,344.32,682973.0781,15479799823486.7520,7804121195.6808,3934437.6756,1354705580.4759824
1983.6250,342.51,679411.3987,15482400320477.5195,7805104452.9473,3934768.1406,1347697435.8454688
1983.7083,340.46,675373.3278,15485001145103.3672,7806087792.7987,3935098.6195,1339743675.9911873
1983.7917,340.53,675540.5876,15487605420220.5352,7807072395.8672,3935429.5090,1340131810.6959865
1983.8750,341.79,678068.6363,15490206900592.5000,7808055900.9980,3935760.0156,1345203415.7404687
1983.9583,343.20,680894.4886,15492808708682.1348,7809039488.7242,3936090.5361,1350866272.002867
1984.0417,344.21,682926.9936,15495413968526.4590,7810024339.9755,3936421.4673,1354955633.2727191
1984.1250,344.92,684364.3950,15498016432527.5000,7811008093.0020,3936752.0156,1357864505.2293751
1984.2083,345.68,685901.1251,15500619224328.8105,7811991928.6341,3937082.5778,1360970705.4900634
1984.2917,347.38,689303.2507,15503225469148.4922,7812977028.0995,3937413.5507,1367778719.2383065
1984.3750,347.77,690106.0938,15505828917026.5195,7813961029.0527,3937744.1406,1369429279.7851562
1984.4583,347.16,688924.5434,15508432692787.4297,7814945112.6221,3938074.7444,1367142028.279405
1984.5417,345.79,686234.6744,15511039922830.6953,7815930460.3328,3938405.7590,1361861327.4180577
1984.6250,343.74,682194.9975,15513644354833.6523,7816914709.2441,3938736.3906,1353901246.9134376
1984.7083,341.59,677956.5082,15516249114802.1133,7817899040.7820,3939067.0361,1345545908.8576038
1984.7917,341.86,678520.8906,15518857330317.2246,7818884636.7693,3939398.0924,1346722631.864066
1984.8750,343.31,681427.4363,15521462746693.0859,7819869133.6699,3939728.7656,1352548282.5267189
1984.9583,345.00,684810.6135,15524068491117.0820,7820853713.2075,3940059.4527,1359320511.194917
1985.0417,345.48,685792.2065,15526677692352.3320,7821839557.5027,3940390.5507,1361326127.469272
1985.1250,346.41,687667.1512,15529284093349.1016,7822824302.4238,3940721.2656,1365105253.6251564
1985.2083,347.91,690673.8197,15531890822476.6484,7823809129.9924,3941051.9944,1371131399.3678389
1985.2917,348.66,692191.8041,15534501009680.3613,7824795222.6267,3941383.1341,1374202643.5314326
1985.3750,349.28,693451.7800,15537108395546.0742,7825780215.5996,3941713.8906,1376761827.7175
1985.4583,348.65,692230.0363,15539716109625.2168,7826765291.2304,3942044.6610,1374393871.071209
1985.5417,346.90,688784.4157,15542327283045.7480,7827751632.2350,3942375.8424,1367610179.742051
1985.6250,345.26,685556.8875,15544935654028.4727,7828736873.2910,3942706.6406,1361258894.7421875
1985.7083,343.47,682031.2298,15547544353307.2910,7829722197.0152,3943037.4527,1354315073.8750532
1985.7917,343.35,681821.5802,15550156513193.0234,7830708786.4216,3943368.6758,1353955634.8321154
1985.8750,344.73,684590.6888,15552765869540.8594,7831694275.5918,3943699.5156,1359511534.0214064
1985.9583,346.12,687379.8868,15555375554267.4609,7832679847.4406,3944030.3693,1365107791.4355767
1986.0417,346.78,688719.5407,15557988700866.8145,7833666685.2800,3944361.6341,1367825727.486684
1986.1250,347.48,690138.7150,15560599042827.8906,7834652422.5957,3944692.5156,1370701755.329375
1986.2083,348.25,691697.0405,15563209713250.4160,7835638242.6004,3945023.4110,1373854402.876881
1986.2917,349.86,694924.0142,15565823846811.8379,7836625328.9040,3945354.7175,1380321801.460663
1986.3750,350.52,696264.1650,15568435174634.3164,7837611314.3965,3945685.6406,1383041730.751875
1986.4583,349.98,695220.6758,15571046831000.9375,7838597382.5884,3946016.5776,1381026881.842059
1986.5417,348.25,691813.1470,15573661951772.9082,7839584717.3875,3946347.9258,1374315665.1733935
1986.6250,346.17,687709.9763,15576274265704.9805,7840570951.0879,3946678.8906,1366221831.5676563
1986.7083,345.48,686367.9835,15578886908263.9004,7841557267.4982,3947009.8693,1363612969.6419258
1986.7917,344.82,685085.5140,15581503016494.9316,7842544850.8240,3947341.2592,1361122212.993513
1986.8750,346.22,687895.8625,15584116316784.8203,7843531332.7637,3947672.2656,1366763091.8046875
1986.9583,347.48,690428.2701,15586729945784.2734,7844517897.4236,3948003.2859,1371852181.7980456
1987.0417,348.73,692941.0520,15589347041722.9062,7845505729.3075,3948334.7175,1376902766.047337
1987.1250,348.92,693347.6550,15591961328618.8672,7846492459.5176,3948665.7656,1377768458.941875
1987.2083,349.81,695145.3354,15594575944307.1172,7847479272.4583,3948996.8276,1381398580.2588696
1987.2917,351.40,698334.3034,15597194028201.9258,7848467352.9316,3949328.3009,1387793964.9323559
1987.3750,352.15,699854.1062,15599809301952.2461,7849454331.4434,3949659.3906,1390872554.4085937
1987.4583,351.58,698750.5891,15602424904577.5898,7850441392.6962,3949990.4942,1388737657.964509
1987.5417,350.21,696056.9788,15605043976677.1816,7851429721.7901,3950322.0092,1383442270.8555515
1987.6250,348.20,692091.0250,15607660237530.1758,7852416948.6348,3950653.1406,1375617423.565625
1987.7083,346.66,689058.9593,15610276827340.9414,7853404258.2309,3950984.2859,1369648212.5462427
1987.7917,346.72,689207.1382,15612896887893.9492,7854392835.9767,3951315.8426,1370000228.94242
1987.8750,348.08,691939.5300,15615514136097.9688,7855380311.1855,3951647.0156,1375489293.19875
1987.9583,349.28,694354.0750,15618131713342.5156,7856367869.1563,3951978.2025,1380346946.5827832
1988.0417,350.51,696828.4963,15620752762597.6074,7857356695.5852,3952309.8009,1385324108.3270903
1988.1250,351.70,699223.5625,15623370998401.0312,7858344419.1895,3952641.0156,1390143845.1953125
1988.2083,352.50,700843.4258,15625989563327.7500,7859332225.5660,3952972.2442,1393422716.0765836
1988.2917,353.67,703199.1255,15628611601533.6250,7860321300.7094,3953303.8843,1398164984.7564518
1988.3750,354.35,704580.6813,15631230825184.8633,7861309272.7402,3953635.1406,1400970612.080469
1988.4583,353.88,703675.6232,15633850378042.1738,7862297327.5538,3953966.4108,1399229633.4676664
1988.5417,352.80,701557.5118,15636473405447.5625,7863286651.4429,3954298.0926,1395076367.0830004
1988.6250,350.49,696993.1763,15639093617195.0586,7864274871.9316,3954629.3906,1386058055.1201563
1988.7083,348.97,693999.5355,15641714158231.4141,7865263175.2135,3954960.7025,1380162636.347548
1988.7917,349.37,694824.1562,15644338175085.0781,7866252747.8796,3955292.4260,1381860514.8677385
1988.8750,350.42,696941.5775,15646959375177.3047,7867241216.8574,3955623.7656,1386129679.9503126
1988.9583,351.62,699357.5174,15649580904641.1895,7868229768.6388,3955955.1191,1390992938.9916165
1989.0417,353.07,702270.9530,15652205911191.9219,7869219590.1131,3956286.8843,1396846210.2535317
1989.1250,353.43,703016.4487,15654828099877.3828,7870208307.6113,3956618.2656,1398387593.6198437
1989.2083,354.08,704338.8749,15657450618017.3125,7871197107.9234,3956949.6608,1401076735.8921301
1989.2917,355.72,707630.8435,15660076614513.9355,7872187178.2373,3957281.4677,1407684163.6862922
1989.3750,355.95,708118.0312,15662699792041.1680,7873176144.2871,3957612.8906,1408712308.4179688
1989.4583,355.44,707133.0582,15665323299105.6875,7874165193.1612,3957944.3274,1406811731.744879
1989.5417,354.05,704397.2389,15667950285797.0566,7875155512.3459,3958276.1760,1401427680.126569
1989.6250,351.84,700029.6600,15670574452414.6289,7876144726.9785,3958607.6406,1392796512.2775
1989.7083,350.09,696576.9787,15673198948652.3164,7877134024.4459,3958939.1191,1385984996.2018294
1989.7917,350.33,697083.7263,15675826925787.3203,7878124592.5326,3959271.0094,1387051412.71921
1989.8750,351.55,699540.5563,15678452081743.8281,7879114055.7793,3959602.5156,1391998264.3679688
1989.9583,352.91,702276.1837,15681077567403.2930,7880103601.8711,3959934.0357,1397500320.5526118
1990.0417,353.86,704196.1560,15683706535230.8457,7881094418.8912,3960265.9677,1401379715.3440838
1990.1250,355.10,706693.3875,15686332680774.9219,7882084130.7832,3960597.5156,1406408177.7984376
1990.2083,355.75,708016.6027,15688959156104.8027,7883073925.5307,3960929.0774,1409100519.2810977
1990.2917,356.38,709300.1560,15691589114873.8574,7884064991.5155,3961261.0511,1411714213.3870587
1990.3750,357.38,711320.2175,15694216250254.1602,7885054952.0840,3961592.6406,1415793977.9065626
1990.4583,356.39,709379.4335,15696843715503.1309,7886044995.5184,3961924.2440,1411990181.33302
1990.5417,354.89,706423.3439,15699474665462.6641,7887036310.4991,3962256.2594,1406165123.9122677
1990.6250,353.06,702810.0625,15702102790927.8867,7888026519.7754,3962587.8906,1399031280.6640625
1990.7083,351.38,699495.0825,15704731246344.6484,7889016811.9280,3962919.5357,1392490666.4503622
1990.7917,351.69,700141.5330,15707363187743.6738,7890008375.9359,3963251.5928,1393835952.6679246
1990.8750,353.14,703057.5975,15709992303542.5391,7890998833.9512,3963583.2656,1399699794.4228125
1990.9583,354.41,705615.5311,15712621749375.8242,7891989374.8532,3963914.9523,1404851098.2584262
1991.0417,354.93,706680.4306,15715254682463.3848,7892981187.9196,3964247.0511,1407030205.8607264
1991.1250,355.82,708482.0975,15717884788844.6484,7893971894.7051,3964578.7656,1410676416.3846874
1991.2083,357.33,711518.4618,15720515225343.2246,7894962684.3878,3964910.4940,1416781466.81705
1991.2917,358.77,714415.7232,15723149150368.3926,7895954746.5439,3965242.6345,1422610099.975579
1991.3750,359.23,715361.6412,15725780247580.8398,7896945702.1309,3965574.3906,1424553288.3442187
1991.4583,358.23,713400.1068,15728411674993.5020,7897936740.6255,3965906.1606,1420706563.9256697
1991.5417,356.30,709586.3077,15731046592205.3848,7898929051.9025,3966238.3428,1413170721.5534966
1991.6250,353.97,704975.5013,15733678680497.8320,7899920256.3223,3966570.1406,1404046832.6770313
1991.7083,352.34,701758.5024,15736311099073.4062,7900911543.6600,3966901.9523,1397698233.8694675
1991.7917,352.43,701967.1488,15738947008721.1406,7901904104.0894,3967234.1762,1398172340.7142506
1991.8750,353.89,704904.6437,15741580088342.4375,7902895557.3730,3967566.0156,1404081937.2695312
1991.9583,355.21,707563.5077,15744213498329.7852,7903887093.5851,3967897.8689,1409437002.025783
1992.0417,356.34,709844.1394,15746850400662.5371,7904879903.1981,3968230.1345,1414039126.141588
1992.1250,357.21,711606.9712,15749484471861.5625,7905871605.3770,3968562.0156,1417610037.601406
1992.2083,357.97,713150.8052,15752118873509.5723,7906863390.4946,3968893.9106,1420744953.173505
1992.2917,359.22,715671.0245,15754756768776.5410,7907856449.3224,3969226.2179,1425825441.9900472
1992.3750,359.71,716677.2112,15757391831802.2070,7908848400.4277,3969558.1406,1427889758.7642186
1992.4583,359.44,716169.2114,15760027225359.8008,7909840434.4823,3969890.0772,1426937289.3627465
1992.5417,357.15,711636.2682,15762666113810.2188,7910833742.5562,3970222.4262,1417964939.5312195
1992.6250,354.99,707361.9487,15765302168911.4648,7911825942.6191,3970554.3906,1409507103.1279688
1992.7083,353.01,703445.9570,15767938554627.5938,7912818225.6418,3970886.3689,1401762597.081467
1992.7917,353.40,704252.5868,15770578436510.7227,7913811782.9930,3971218.7596,1403428709.6387136
1992.8750,354.42,706314.7575,15773215483936.5234,7914804232.0449,3971550.7656,1407597022.3528125
1992.9583,355.68,708855.4081,15775852862060.1719,7915796764.0669,3971882.7855,1412719269.1604724
1993.0417,357.10,711715.1911,15778493737625.3027,7916790570.7268,3972215.2179,1418478054.3259776
1993.1250,357.42,712382.7375,15781131777624.6641,7917783268.7988,3972547.2656,1419867843.6796875
1993.2083,358.59,714744.5643,15783770148404.8477,7918776049.8513,3972879.3272,1424634797.9366639
1993.2917,359.39,716369.1041,15786412017901.3047,7919770105.8512,3973211.8013,1427932589.2652142
1993.3750,360.30,718213.0125,15789051050723.2617,7920763052.9746,3973543.8906,1431667863.7921875
1993.4583,359.64,716927.3430,15791690414409.0254,7921756083.0889,3973875.9938,1429164762.4242184
1993.5417,357.45,712591.4807,15794333278086.1660,7922750388.4600,3974208.5096,1420580831.7704213
1993.6250,355.76,709252.0300,15796973303979.7852,7923743584.6660,3974540.6406,1413982578.30875
1993.7083,354.14,706051.8574,15799613660820.2070,7924736863.8733,3974872.7855,1407661448.2530355
1993.7917,354.23,706260.8339,15802257518927.4180,7925731418.6469,3975205.3430,1408136988.6469545
1993.8750,355.53,708882.3787,15804898538141.7969,7926724863.9668,3975537.5156,1413422852.9301562
1993.9583,357.03,711902.9318,15807539888385.9863,7927718392.2984,3975869.7021,1419504759.7546477
1994.0417,358.36,714584.7836,15810184741172.6855,7928713196.5057,3976202.3013,1424911856.7078047
1994.1250,359.04,715970.6400,15812826753956.9531,7929706890.9707,3976534.5156,1427734952.49
1994.2083,360.11,718134.3509,15815469097854.0488,7930700668.4578,3976866.7438,1432109483.1058173
1994.2917,361.36,720657.2487,15818114945569.6855,7931695722.1302,3977199.3847,1437200769.6511774
1994.3750,361.78,721524.9875,15820757952173.0039,7932689665.7715,3977531.6406,1438991396.9453125
1994.4583,360.94,719879.7788,15823401289972.1777,7933683692.4453,3977863.9104,1435770199.833813
1994.5417,359.51,717057.6866,15826048132866.2324,7934678995.6140,3978196.5930,1430201457.1634114
1994.6250,357.59,713257.9537,15828692133537.7930,7935673188.4629,3978528.8906,1422682145.9985936
1994.7083,355.86,709836.8956,15831336465488.2461,7936667464.3547,3978861.2021,1415917547.3753524
1994.7917,356.21,710564.7515,15833984303810.2305,7937663017.0510,3979193.9264,1417428668.5189865
1994.8750,357.65,713467.0437,15836629298799.2578,7938657459.1387,3979526.2656,1423277568.9007812
1994.9583,359.10,716389.5255,15839274625150.2266,7939651984.2797,3979858.6187,1429167229.9891355
1995.0417,360.04,718294.8137,15841923459149.6816,7940647786.5348,3980191.3847,1433028106.16139
1995.1250,361.00,720240.1250,15844569448705.4297,7941642477.8926,3980523.7656,1436969079.390625
1995.2083,361.98,722225.5004,15847215769706.1758,7942637252.3140,3980856.1604,1440990312.9375706
1995.2917,363.44,725168.8154,15849865599632.6797,7943633304.1593,3981188.9681,1446923318.562226
1995.3750,363.83,725977.2863,15852512584004.4336,7944628244.8184,3981521.3906,1448596927.5510936
1995.4583,363.33,725009.8641,15855159899904.2539,7945623268.5515,3981853.8270,1446726950.97804
1995.5417,361.78,721947.0762,15857810726007.4121,7946619570.0182,3982186.6764,1440675495.8020616
1995.6250,359.33,717087.9313,15860458705444.4883,7947614760.0098,3982519.1406,1431038602.8007812
1995.7083,358.32,715102.1981,15863107016492.7109,7948610033.0859,3982851.6187,1427135392.008603
1995.7917,358.14,714772.8394,15865758839022.1602,7949606584.2052,3983184.5098,1426537700.335793
1995.8750,359.61,717736.6088,15868407813773.9062,7950602023.5605,3983517.0156,1432512553.9889064
1995.9583,360.82,720181.6738,15871057120219.8906,7951597546.0108,3983849.5353,1437452589.3409781
1996.0417,362.20,722966.3037,15873709939425.2969,7952594346.8141,3984182.4681,1443070889.9599059
1996.1250,363.36,725311.9800,15876359909741.0938,7953590035.5645,3984515.0156,1447813376.0775
1996.2083,364.28,727178.7595,15879010211834.2285,7954585807.4201,3984847.5770,1451600275.3455126
1996.2917,364.69,728027.6201,15881664027965.2930,7955582857.9387,3985180.5515,1453355495.3224833
1996.3750,365.25,729175.9688,15884314994094.5508,7956578796.1152,3985513.1406,1455708674.6132812
1996.4583,365.06,728827.0670,15886966292084.2559,7957574817.4075,3985845.7436,1455072847.1728132
1996.5417,363.69,726122.2509,15889621105390.7109,7958572117.6726,3986178.7598,1449733353.1658058
1996.6250,361.55,721879.7688,15892273067582.8711,7959568305.3066,3986511.3906,1441323193.2804687
1996.7083,359.69,718196.0084,15894925361718.5996,7960564576.0668,3986844.0353,1434027931.0530608
1996.7917,359.72,718285.9103,15897581172450.2070,7961562126.1097,3987177.0932,1434267343.9619076
1996.8750,361.04,720951.7500,15900234130954.7422,7962558563.2324,3987509.7656,1439650525.78125
1996.9583,362.39,723677.7183,15902887421485.9785,7963555083.4917,3987842.4519,1445154226.1581342
1997.0417,363.24,725405.4271,15905544229892.5293,7964552883.3437,3988175.5515,1448664887.3409863
1997.1250,364.21,727372.8962,15908198184958.9453,7965549569.9863,3988508.2656,1452654595.4232812
1997.2083,364.65,728282.0066,15910852472135.2031,7966546339.7760,3988840.9936,1454530868.3121886
1997.2917,366.48,731967.4622,15913510278466.5234,7967544389.4683,3989174.1349,1461952536.9540806
1997.3750,366.77,732577.2288,15916165230344.3555,7968541325.6621,3989506.8906,1463231442.2745311
1997.4583,365.73,730530.4241,15918820514415.1816,7969538345.0134,3989839.6602,1459204058.9391694
1997.5417,364.46,728024.0480,15921479318921.1270,7970536644.5772,3990172.8432,1454258394.4468458
1997.6250,362.40,723939.3000,15924135267859.9414,7971533830.3535,3990505.6406,1446159244.1625
1997.7083,360.44,720053.9797,15926791549074.9121,7972531099.2976,3990838.4519,1438457811.5988314
1997.7917,360.97,721142.8699,15929451352005.3711,7973529648.7644,3991171.6766,1440693240.0982919
1997.8750,362.65,724529.3687,15932108298254.7656,7974527084.1543,3991504.5156,1447519112.591406
1997.9583,364.51,728275.7799,15934765576863.4902,7975524602.7224,3991837.3685,1455064639.2061107
1998.0417,365.39,730064.4568,15937426378468.3789,7976523402.1234,3992170.6349,1458699228.300321
1998.1250,366.10,731513.5625,15940084322277.9844,7977521087.1582,3992503.5156,1461655537.0703125
1998.2083,367.36,734061.8011,15942742598530.1016,7978518855.3816,3992836.4102,1466808383.6469908
1998.2917,368.79,736949.9960,15945404399059.3730,7979517904.7480,3993169.7183,1472641060.40776
1998.3750,369.56,738519.4650,15948063340678.8477,7980515839.4590,3993502.6406,1475838835.869375
1998.4583,369.13,737690.9123,15950722614824.0293,7981513857.3690,3993835.5768,1474244526.4785395
1998.5417,367.98,735423.3748,15953385414527.6621,7982513156.7321,3994168.9266,1469774281.624579
1998.6250,366.10,731696.6125,15956045354206.6992,7983511341.1504,3994501.8906,1462387142.1578126
1998.7083,364.16,727849.6145,15958705626494.6465,7984509608.7782,3994834.8685,1454759065.7089143
1998.7917,364.54,728639.5263,15961369425622.6543,7985509158.1692,3995168.2600,1456398637.49635
1998.8750,365.67,730928.6213,15964030363610.9766,7986507592.3262,3995501.2656,1461034947.8010938
1998.9583,367.30,734217.3836,15966691634291.4238,7987506109.7030,3995834.2851,1467669932.9315145
1999.0417,368.35,736347.0102,15969356433093.8496,7988505909.1533,3996167.7183,1471988379.0501301
1999.1250,369.28,738236.8800,15972018369641.2109,7989504593.0801,3996500.7656,1475827802.7299998
1999.2083,369.84,739387.1977,15974680638963.9238,7990503360.2371,3996833.8268,1478189022.499603
1999.2917,371.15,742037.1145,15977346437690.8418,7991503409.7780,3997167.3017,1483548644.0218315
1999.3750,371.12,742008.0500,15980009373047.0273,7992502343.5059,3997500.3906,1483552344.96875
1999.4583,370.46,740719.3218,15982672641261.7988,7993501360.4744,3997833.4934,1481037395.979371
1999.5417,369.61,739050.6077,15985339440163.3164,7994501660.1371,3998167.0100,1477762508.5804741
1999.6250,367.06,733982.3525,15988003374578.1445,7995500843.6973,3998500.1406,1467689461.6178124
1999.7083,364.95,729793.5441,15990667641934.8047,7996500110.5085,3998833.2851,1459374207.3931904
1999.7917,365.52,730963.8622,15993335441261.0586,7997500660.3243,3999166.8434,1461775464.595507
1999.8750,366.88,733714.1400,15996000374984.3750,7998500093.7480,3999500.0156,1467336565.7325
1999.9583,368.26,736504.6436,15998665641732.7793,7999499610.4333,3999833.2017,1472978574.8723638
2000.0417,369.45,738915.4061,16001334441733.9395,8000500410.4334,4000166.8017,1477861624.902433
2000.1250,369.71,739466.2137,16004000375015.6250,8001500093.7520,4000500.0156,1479024860.7767186
2000.2083,370.75,741577.2272,16006666641405.6660,8002499860.3424,4000833.2434,1483308924.986431
2000.2917,371.98,744068.5066,16009336442331.9297,8003500910.5582,4001166.8851,1488354057.9153652
2000.3750,371.74,743619.4025,16012003375421.8945,8004500843.8027,4001500.1406,1487517662.2759376
2000.4583,371.87,743910.4280,16014670641703.4902,8005500860.3296,4001833.4100,1488161790.1911619
2000.5417,370.02,740240.4398,16017341443805.0918,8006502160.7923,4002167.0934,1480881867.914258
2000.6250,368.27,736770.1687,16020009376953.2773,8007502343.9941,4002500.3906,1474000818.8554688
2000.7083,367.15,734560.0523,16022677643376.3828,8008502610.4887,4002833.7017,1469640393.5750759
2000.7917,367.18,734650.6964,16025349446903.5820,8009504161.2296,4003167.4268,1469883015.7683446
2000.8750,368.53,737382.4637,16028018380359.9609,8010504594.4199,4003500.7656,1475410137.155781
2000.9583,369.83,740014.4081,16030687647174.5566,8011505110.9134,4003834.1183,1480737971.9852717
2001.0417,370.76,741906.2207,16033360452377.6504,8012506911.9637,4004167.8851,1484585285.0940948
2001.1250,371.69,743798.1512,16036030386392.2266,8013507595.1738,4004501.2656,1488433075.4201562
2001.2083,372.63,745710.2488,16038700653848.3281,8014508361.6974,4004834.6600,1492321539.35166
2001.2917,373.55,747582.5145,16041374460977.6406,8015510413.0885,4005168.4685,1496130681.4040248
2001.3750,374.03,748574.2912,16044045395800.4492,8016511346.3496,4005501.8906,1498177872.1504686
2001.4583,373.40,747344.5292,16046716664148.1035,8017512362.9346,4005835.3266,1495778910.9669614
2001.5417,371.68,743933.0191,16049391473453.9883,8018514664.6977,4006169.1768,1489012959.6474788
2001.6250,369.78,740160.8925,16052063409335.0977,8019515848.0410,4006502.6406,1481524546.4503124
2001.7083,368.34,737309.2352,16054735678824.3809,8020517114.7187,4006836.1183,1475878015.8105297
2001.7917,368.61,737880.4385,16057411490557.2285,8021519666.8850,4007170.0102,1477082937.4557269
2001.8750,369.94,740573.6375,16060084427746.7344,8022521100.3418,4007503.5156,1482535850.5703125
2001.9583,371.42,743567.3518,16062757698627.7539,8023522617.1433,4007837.0349,1488590831.5170026
2002.0417,372.70,746160.9416,16065434513037.9824,8024525419.7442,4008170.9685,1493845319.9744444
2002.1250,373.37,747533.4113,16068108451786.0156,8025527103.3457,4008504.5156,1496655330.9989064
2002.2083,374.30,749426.5667,16070782724308.9121,8026528870.3023,4008838.0766,1500508092.0672216
2002.2917,375.19,751239.8229,16073460541646.9727,8027531923.3691,4009172.0519,1504201262.1481926
2002.3750,375.93,752752.8337,16076135482203.6914,8028533857.1465,4009505.6406,1507293455.4801562
2002.4583,375.69,752303.5587,16078810756618.6348,8029535874.2894,4009839.2432,1506456505.2924187
2002.5417,374.16,749271.0025,16081489577135.0078,8030539177.8533,4010173.2602,1500446427.0509832
2002.6250,372.03,745036.5787,16084165519750.6055,8031541361.8379,4010506.8906,1492028878.5192187
2002.7083,370.92,742844.5626,16086841796307.7969,8032543629.1984,4010840.5349,1487700971.200987
2002.7917,370.73,742494.9669,16089521620252.9961,8033547183.2907,4011174.5936,1487062757.0812092
2002.8750,372.43,745930.7362,16092198565177.6953,8034549617.5137,4011508.2656,1494006023.3667188
2002.9583,373.98,749066.3450,16094875844127.3691,8035552135.1230,4011841.9515,1500348653.0365143
2003.0417,375.07,751280.8504,16097556671751.9375,8036555939.7750,4012176.0519,1504846871.8007195
2003.1250,375.82,752814.4375,16100234619235.9922,8037558624.2676,4012509.7656,1507981420.1171875
2003.2083,376.64,754488.3741,16102912900828.4141,8038561392.1570,4012843.4932,1511397373.2746634
2003.2917,377.92,757083.9993,16105594732382.9258,8039565447.3999,4013177.6353,1516660091.9283774
2003.3750,378.78,758838.3825,16108273682676.6211,8040568382.1934,4013511.3906,1520237844.5409374
2003.4583,378.46,758228.8282,16110952967162.0840,8041571400.3941,4013845.1598,1519079839.1926262
2003.5417,376.88,755094.7959,16113635802897.1504,8042575706.2591,4014179.3436,1512863911.0306249
2003.6250,374.57,750497.8163,16116315756250.8008,8043578891.3848,4014513.1406,1503716187.0839062
2003.7083,373.34,748064.4567,16118996043879.6328,8044582159.9280,4014846.9515,1498902960.8688622
2003.7917,373.31,748035.4795,16121679884045.8887,8045586716.4466,4015181.1770,1498907285.1817224
2003.8750,374.84,751132.5050,16124360840709.8438,8046590151.9355,4015515.0156,1505175648.4568748
2003.9583,376.17,753828.9937,16127042131732.4043,8047593670.8525,4015848.8681,1510641868.7278063
2004.0417,377.17,755864.4080,16129726976580.5156,8048598478.0559,4016183.1353,1514783793.155769
2004.1250,378.05,757659.4563,16132408936805.1562,8049602163.9395,4016517.0156,1518444257.7570312
2004.2083,379.06,759715.1982,16135091231471.8340,8050605933.2614,4016850.9098,1522627505.8645766
2004.2917,380.54,762713.1635,16137777081252.5039,8051610991.1808,4017185.2187,1528699663.1198702
2004.3750,380.80,763266.0000,16140460045288.2383,8052614927.4902,4017519.1406,1529871288.75
2004.4583,379.87,761433.5744,16143143343849.4531,8053618947.2485,4017853.0764,1526261848.146841
2004.5417,377.65,757015.1730,16145830198813.4141,8054624255.9152,4018187.4270,1517468481.8212366
2004.6250,376.17,754079.7863,16148514166910.6836,8055628442.6816,4018521.3906,1511647191.5114064
2004.7083,374.43,750622.9288,16151198469616.8887,8056632712.9074,4018855.3681,1504780015.4735231
2004.7917,374.63,751055.1146,16153886330014.9023,8057638272.3526,4019189.7604,1505709059.9344897
2004.8750,376.33,754494.6088,16156571302424.1797,8058642709.6074,4019523.7656,1512667378.7176561
2004.9583,377.68,757232.6507,16159256609525.8555,8059647230.3319,4019857.7847,1518219888.140184
2005.0417,378.63,759168.9389,16161945475608.7188,8060653040.5870,4020192.2187,1522165379.7811058
2005.1250,379.91,761767.0388,16164631452580.5078,8061657728.3613,4020526.2656,1527438133.5735939
2005.2083,380.95,763884.1019,16167317764328.1719,8062662499.6157,4020860.3264,1531746741.3378475
2005.2917,382.48,766983.9694,16170007636346.7070,8063668560.7120,4021194.8021,1538026587.9029586
2005.3750,382.64,767336.6900,16172694618131.5430,8064673499.0371,4021528.8906,1538797814.70875
2005.4583,382.40,766887.2539,16175381934775.7383,8065678520.8527,4021862.9930,1537960408.5380714
2005.5417,380.93,763970.9998,16178072812980.8047,8066684832.8214,4022197.5104,1532175697.6514864
2005.6250,378.93,759991.4813,16180760799829.2539,8067690021.7285,4022531.6406,1524257914.5820312
2005.7083,376.89,755931.4012,16183449121620.5586,8068695294.1365,4022865.7847,1516177885.5913956
2005.7917,377.19,756564.5713,16186141006263.0430,8069701857.0089,4023200.3438,1517510937.6737316
2005.8750,378.54,759303.9225,16188829998425.7031,8070707296.5293,4023534.5156,1523068755.5446875
2005.9583,380.31,762886.0011,16191519325614.7246,8071712819.5610,4023868.7013,1530317505.8061934
2006.0417,381.58,765465.3919,16194212216945.5469,8072719633.3683,4024203.3021,1535555496.0301576
2006.1250,382.40,767142.2000,16196902214673.0469,8073725323.5332,4024537.5156,1538983145.975
2006.2083,382.86,768096.9097,16199592547510.4258,8074731097.2198,4024871.7430,1540962395.5207264
2006.2917,384.80,772021.0462,16202286445780.5352,8075738161.9934,4025206.3855,1548899417.1361248
2006.3750,385.22,772895.7775,16204977449323.5352,8076744102.8340,4025540.6406,1550718765.5815625
2006.4583,384.24,770961.5372,16207668788059.9414,8077750127.2067,4025874.9096,1546902175.279647
2006.5417,382.65,767803.1815,16210363693520.3184,8078757442.9778,4026209.5938,1540629101.082451
2006.6250,380.60,763721.4750,16213055703129.5117,8079763634.5254,4026543.8906,1532502604.7718751
2006.7083,379.04,760622.7140,16215748048015.6465,8080769909.6155,4026878.2013,1526347913.416541
2006.7917,379.33,761236.2956,16218443960917.3066,8081777476.4154,4027212.9272,1527642679.6705616
2006.8750,380.35,763314.9062,16221136976843.4141,8082783918.7012,4027547.2656,1531877602.4804688
2006.9583,382.02,766698.2098,16223830328130.0098,8083790444.5399,4027881.6179,1538731335.6850147
2007.0417,383.10,768897.6753,16226527248723.9980,8084798262.3998,4028216.3855,1543209697.299949
2007.1250,384.12,770976.8550,16229221271217.7734,8085804955.4551,4028550.7656,1547446920.091875
2007.2083,384.81,772393.8259,16231915629155.5957,8086811732.0736,4028885.1596,1550355298.261401
2007.2917,386.73,776279.9191,16234613557692.9883,8087819801.0249,4029219.9689,1558220238.5684006
2007.3750,386.78,776412.5025,16237308587005.2148,8088826744.8809,4029554.3906,1558551047.2059374
2007.4583,386.33,775541.3650,16240003951845.0586,8089833772.3105,4029888.8262,1556866950.2408705
2007.5417,384.73,772361.5182,16242702888576.9609,8090842092.3844,4030223.6772,1550547955.344118
2007.6250,382.24,767394.5800,16245398924958.4570,8091849287.0723,4030558.1406,1540640543.6725001
2007.7083,381.20,765338.4040,16248095296951.1484,8092856565.3443,4030892.6179,1536576265.939245
2007.7917,381.37,765711.5206,16250795242128.6992,8093865136.5720,4031227.5106,1537389235.713285
2007.8750,382.70,768413.7625,16253492285830.3125,8094872582.1230,4031562.0156,1542878783.3796875
2007.9583,384.19,771437.4993,16256189665226.7109,8095880111.2686,4031896.5345,1549014329.6044962
2008.0417,385.78,774662.3270,16258890619101.0781,8096888933.6815,4032231.4689,1555554256.0872447
2008.1250,386.06,775256.7375,16261588670373.6875,8097896630.1270,4032566.0156,1556812435.9921875
2008.2083,386.28,775730.7021,16264287057424.6816,8098904410.1773,4032900.5762,1557828834.5702443
2008.2917,387.33,777871.6242,16266989020247.0664,8099913483.8067,4033235.5523,1562193126.4680557
2008.3750,388.78,780816.0325,16269688079341.5820,8100921431.1777,4033570.1406,1568171399.2721875
2008.4583,387.99,779261.7358,16272387474298.0918,8101929462.1641,4033904.7428,1565114701.1740608
2008.5417,386.61,776522.3066,16275090446319.7285,8102938787.0412,4034239.7606,1559677433.8606012
2008.6250,384.32,771954.7600,16277790513487.0898,8103946985.3691,4034574.3906,1550567629.805
2008.7083,383.41,770158.8493,16280490916600.0664,8104955267.3228,4034909.0345,1547024472.9133854
2008.7917,383.22,769809.1553,16283194898072.2168,8105964843.4789,4035244.0940,1546386241.6984224
2008.8750,384.41,772231.6388,16285895973563.3984,8106973292.7949,4035578.7656,1551316833.2939065
2008.9583,385.79,775036.0226,16288597385083.8262,8107981825.7471,4035913.4511,1557015050.3148725
2009.0417,387.17,777840.6750,16291302376257.7852,8108991653.2135,4036248.5523,1562714352.009048
2009.1250,387.70,778937.7625,16294004460323.7891,8110000353.5488,4036583.2656,1564983332.0828125
2009.2083,389.04,781662.3970,16296706880502.6816,8111009137.5308,4036917.9928,1570522575.91459
2009.2917,389.76,783141.5330,16299412881629.7754,8112019216.3387,4037253.1357,1573559782.1661017
2009.3750,390.36,784379.6250,16302115974521.6367,8113028167.7246,4037587.8906,1576112808.984375
2009.4583,389.70,783085.8995,16304819403610.0391,8114037202.7676,4037922.6594,1573578460.3833354
2009.5417,388.24,780184.4696,16307526414941.6230,8115047532.9482,4038257.8440,1567813225.3696587
2009.6250,386.29,776298.0413,16310230516910.4102,8116056735.4160,4038592.6406,1560067951.1470313
2009.7083,384.95,773637.2101,16312934955159.3984,8117066021.5512,4038927.4511,1554785122.296668
2009.7917,384.64,773046.2795,16315642976946.8633,8118076603.1360,4039262.6774,1553661996.2308626
2009.8750,386.23,776274.0212,16318348088243.6719,8119086056.7168,4039597.5156,1560213748.4598439
2009.9583,387.63,779120.1358,16321053535904.3535,8120095593.9754,4039932.3677,1565998983.706626
2010.0417,388.91,781725.3175,16323762568399.1191,8121106426.9956,4040267.6357,1571300486.2152119
2010.1250,390.41,784772.9012,16326468689275.0781,8122116131.7207,4040602.5156,1577491628.1251564
2010.2083,391.37,786735.2224,16329175146598.5938,8123125920.1340,4040937.4094,1581501673.91253
2010.2917,392.67,789381.2418,16331885190052.1094,8124137004.6208,4041272.7191,1586886558.6046345
2010.3750,393.21,790499.5537,16334592320758.3789,8125146960.5215,4041607.6406,1589200540.370156
2010.4583,392.38,788863.6278,16337299787995.8984,8126157000.1208,4041942.5760,1585977427.9861398
2010.5417,390.41,784935.5851,16340010842659.6484,8127168336.1055,4042277.9274,1578145725.6514173
2010.6250,388.54,781208.2375,16342718983447.4180,8128178543.2129,4042612.8906,1570716812.5234375
2010.7083,387.03,778204.4333,16345427460850.1426,8129188834.0294,4042947.8677,1564742113.231631
2010.7917,387.43,779041.0283,16348139526975.6387,8130200421.5432,4043283.2608,1566489233.7274396
2010.8750,388.87,781968.9613,16350848678096.1328,8131210879.8887,4043618.2656,1572441834.9535937
2010.9583,389.99,784253.6274,16353558165915.2949,8132221421.9536,4043953.2843,1577101341.3593237
2011.0417,391.50,787322.8255,16356271243754.0840,8133233261.0279,4044288.7191,1583339033.5428755
2011.1250,392.05,788461.5563,16358981405458.5547,8134243970.6426,4044623.7656,1585694747.3132813
2011.2083,392.80,790002.6202,16361691903945.4199,8135254763.9871,4044958.8260,1588859826.848436
2011.2917,393.44,791322.6064,16364405993749.0742,8136266854.6532,4045294.3025,1591580590.371229
2011.3750,394.41,793306.4138,16367117166288.8086,8137277815.5684,4045629.3906,1595636687.9564064
2011.4583,393.95,792413.9973,16369828675694.6699,8138288860.2238,4045964.4926,1593907711.8750908
2011.5417,392.72,789972.6564,16372543777714.8008,8139301202.5129,4046300.0108,1589062940.256649
2011.6250,390.33,785197.5862,16375255961341.1133,8140312414.7598,4046635.1406,1579523094.4401562
2011.7083,389.28,783117.8070,16377968481917.2988,8141323710.7573,4046970.2843,1575404592.2679791
2011.7917,389.19,782969.2117,16380684596405.5430,8142336304.7007,4047305.8442,1575170961.499874
2011.8750,390.48,785596.9500,16383397791369.7812,8143347768.3105,4047641.0156,1580522863.78125
2011.9583,392.06,788808.3711,16386111323367.6484,8144359315.6815,4047976.2009,1587049549.3401012
2012.0417,393.31,791356.1210,16388828450575.6758,8145372161.3104,4048311.8025,1592241515.0565708
2012.1250,394.04,792857.7350,16391542657129.2188,8146383876.3145,4048647.0156,1595328870.036875
2012.2083,394.59,793997.2731,16394257200800.1562,8147395675.0900,4048982.2426,1597687903.1031501
2012.2917,396.38,797632.1840,16396975340979.6699,8148408772.4358,4049317.8859,1605068623.608638
2012.3750,396.93,798772.0088,16399690559373.9258,8149420738.8652,4049653.1406,1607428821.1082814
2012.4583,395.91,796752.3656,16402406114969.3555,8150432789.0766,4049988.4092,1603430911.101769
2012.5417,394.56,794068.4532,16405125268372.0840,8151446138.1705,4050324.0942,1598095874.6228964
2012.6250,392.59,790136.4487,16407841498858.4961,8152458356.0566,4050659.3906,1590248370.1654687
2012.7083,391.32,787613.0120,16410558066629.8672,8153470657.7351,4050994.7009,1585235246.3518403
2012.7917,391.27,787545.0085,16413278233507.5781,8154484258.6084,4051330.4276,1585164056.402705
2012.8750,393.20,791462.4500,16415995476337.6172,8155496727.9824,4051665.7656,1593114979.04375
2012.9583,394.57,794252.9564,16418713056536.4141,8156509281.1592,4052001.1175,1598798080.9473197
2013.0417,395.78,796721.6440,16421434237140.9004,8157523133.8431,4052336.8859,1603833892.7168937
2013.1250,397.03,799271.0187,16424152492566.0703,8158535854.7363,4052672.2656,1609032469.6210938
2013.2083,397.66,800572.4126,16426871085443.8066,8159548659.4426,4053007.6592,1611719025.7530541
2013.2917,398.64,802578.6033,16429593280026.8945,8160562763.9685,4053343.4693,1615824840.597323
2013.3750,400.02,805390.2675,16432312548298.7305,8161575736.4121,4053678.8906,1621552629.8278124
2013.4583,398.81,802987.3046,16435032154106.9492,8162588792.6792,4054014.3258,1616781453.2878077
2013.5417,397.51,800402.9612,16437755362920.4980,8163603149.0783,4054350.1776,1611644739.113235
2013.6250,395.39,796167.1887,16440475644290.5664,8164616373.1035,4054685.6406,1603182155.4467187
2013.7083,393.72,792837.2319,16443196263280.8457,8165629680.9627,4055021.1175,1596542914.3777258
2013.7917,393.90,793232.5506,16445920486576.7441,8166644289.2662,4055357.0110,1597405126.6285238
2013.8750,395.36,796205.6200,16448641781296.6406,8167657764.9043,4055692.5156,1603458592.9775
2013.9583,397.03,799601.8638,16451363413720.5898,8168671324.3867,4056028.0341,1610364810.3941634
2014.0417,398.04,801669.1583,16454088651750.7559,8169686184.6260,4056363.9693,1614595114.3556519
2014.1250,398.27,802165.5637,16456810960072.1094,8170699911.9082,4056699.5156,1615661716.0879686
2014.2083,399.91,805502.0413,16459533606181.3652,8171713723.0451,4057035.0758,1622448897.158735
2014.2917,401.51,808758.2605,16462259859197.7520,8172728835.2515,4057371.0527,1629075051.3651164
2014.3750,401.96,809698.1750,16464983181372.2227,8173742814.2090,4057706.6406,1631035761.265625
2014.4583,401.43,808663.9954,16467706841418.4551,8174756877.0316,4058042.2424,1629019897.3822436
2014.5417,399.27,804346.0646,16470434109673.0449,8175772241.2363,4058378.2610,1620388688.2849975
2014.6250,397.18,800168.7575,16473158445952.3242,8176786471.9004,4058713.8906,1612039983.0784376
2014.7083,395.54,796897.7210,16475883120187.2344,8177800786.4400,4059049.5341,1605516452.7135196
2014.7917,396.16,798179.8799,16478611403932.0410,8178816402.6743,4059385.5944,1608166197.0731027
2014.8750,397.40,800711.3250,16481336754567.8516,8179830885.0762,4059721.2656,1613333230.959375
2014.9583,399.08,804129.5584,16484062443243.1738,8180845451.3640,4060056.9507,1620287527.9008763
2015.0417,400.18,806379.3875,16486791742730.2422,8181861319.6592,4060393.0527,1624888091.8450491
2015.1250,400.55,807158.3187,16489518107974.3359,8182876053.8301,4060728.7656,1626524907.0710938
2015.2083,401.74,809589.7824,16492244811341.8340,8183890871.8974,4061064.4924,1631492049.1723127
2015.2917,403.34,812847.7543,16494975126823.2402,8184906992.2847,4061400.6361,1638125332.5600927
2015.3750,404.15,814513.8062,16497702506927.4023,8185921978.2559,4061736.3906,1641550762.2710936
2015.4583,402.97,812169.2312,16500430225238.8691,8186937048.1339,4062072.1590,1636893217.9279017
2015.5417,401.46,809159.3709,16503161556966.7227,8187953420.6445,4062408.3444,1630894453.9584367
2015.6250,399.11,804456.0938,16505889952182.7695,8188968658.4473,4062744.1406,1621481813.9648438
2015.7083,397.82,801889.0759,16508618685690.0332,8189983980.1672,4063079.9507,1616374465.9830542
2015.7917,398.49,803272.8345,16511351033916.4727,8191000604.8326,4063416.1778,1619230712.6870947
2015.8750,400.27,806894.2863,16514080444496.2500,8192016094.4980,4063752.0156,1626598019.2942188
2015.9583,402.06,810536.1941,16516810193451.1680,8193031668.0911,4064087.8673,1634007167.942274
2016.0417,402.73,811920.4738,16519543558428.3613,8194048544.9425,4064424.1361,1636865532.3472152
2016.1250,404.25,815018.5312,16522273984623.7500,8195064286.5020,4064760.0156,1643179236.3164062
2016.2083,405.06,816685.3340,16525004749278.2109,8196080111.9994,4065095.9090,1646607748.8950398
2016.2917,407.60,821840.4969,16527739131258.3613,8197097241.0680,4065432.2195,1657070172.6636717
2016.3750,407.90,822479.3625,16530470573321.2695,8198113234.5527,4065768.1406,1658426824.5609374
2016.4583,406.99,820678.3635,16533202353927.1914,8199129311.9859,4066104.0756,1654863697.7442718
2016.5417,404.59,815872.6064,16535937753162.5352,8200146693.3030,4066440.4278,1645241132.6993363
2016.6250,402.45,811590.7312,16538670211344.9023,8201162938.7441,4066776.3906,1636674158.4070313
2016.7083,401.23,809163.8712,16541403008154.2383,8202179268.1442,4067112.3673,1631847495.1273212
2016.7917,401.79,810326.7371,16544139424897.0352,8203196901.7410,4067448.7612,1634260237.758084
2016.8750,403.72,814252.7750,16546872899450.8359,8204213399.1699,4067784.7656,1642246065.578125
2016.9583,404.64,816142.0065,16549606712715.5684,8205229980.5681,4068120.7839,1646124394.0130324
2017.0417,406.36,819645.0652,16552344147218.1152,8206247866.4760,4068457.2195,1653258275.7318232
2017.1250,406.65,820263.8812,16555078638395.3516,8207264615.9238,4068793.2656,1654574781.466406
2017.2083,407.54,822093.0706,16557813468367.4941,8208281449.3513,4069129.3256,1658332965.3504963
2017.2917,409.22,825516.1095,16560551920882.1172,8209299587.6016,4069465.8029,1665306795.8581915
2017.3750,409.89,826901.8387,16563287428934.8242,8210316589.0996,4069801.8906,1668171096.9482813
2017.4583,409.08,825301.8414,16566023275866.4238,8211333674.5877,4070137.9922,1665012049.8650851
2017.5417,407.33,821805.2607,16568762746645.4805,8212352065.2116,4070474.5112,1658026382.662937
2017.6250,405.32,817783.7650,16571499271825.7227,8213369318.7910,4070810.6406,1649980968.858125
2017.7083,403.57,814286.5386,16574236135968.8535,8214386656.3709,4071146.7839,1642992707.5740392
2017.7917,403.82,814824.6443,16576976625264.7344,8215405299.3997,4071483.3446,1644146404.2118855
2017.8750,405.31,817864.9163,16579714167824.6094,8216422805.0918,4071819.5156,1650349167.8779688
2017.9583,407.00,821309.0281,16582452049431.3789,8217440394.7948,4072155.7005,1657367370.1193283
2018.0417,408.15,823663.7199,16585193557496.5039,8218459290.2597,4072492.3029,1662187733.4445078
2018.1250,408.52,824444.4250,16587932117688.1406,8219477048.0957,4072828.5156,1663831905.203125
2018.2083,409.59,826637.9376,16590671017010.6875,8220494889.9530,4073164.7422,1668327546.7531474
2018.2917,410.45,828407.8283,16593413544097.5078,8221514037.8854,4073501.3863,1671968644.002275
2018.3750,411.44,830440.2100,16596153122173.0664,8222532047.8965,4073837.6406,1676139758.85875
2018.4583,410.99,829566.1767,16598893039463.5605,8223550141.9393,4074173.9088,1674444734.7936954
2018.5417,408.90,825381.7011,16601636585824.5605,8224569542.3704,4074510.5946,1666067382.1478422
2018.6250,407.16,821903.3550,16604377182036.2305,8225587804.5879,4074846.8906,1659114659.986875
2018.7083,405.71,819010.1444,16607118117546.8730,8226606150.8475,4075183.2005,1653342576.2703476
2018.7917,406.19,820013.0006,16609862683434.5664,8227625803.8086,4075519.9280,1655435439.5498073
2018.8750,408.21,824124.9637,16612604298034.5703,8228644318.2637,4075856.2656,1663805286.190781
2018.9583,409.27,826299.0634,16615346252017.5938,8229662916.7713,4076192.6171,1668263352.4164336
2019.0417,411.03,829886.7100,16618091837684.5273,8230682822.2936,4076529.3863,1675575873.666874
2019.1250,411.96,831798.7350,16620834470925.1172,8231701589.0176,4076865.7656,1679505620.806875
2019.2083,412.18,832277.2771,16623577443632.7852,8232720439.8044,4077202.1588,1680541185.8096046
2019.2917,413.54,835057.8896,16626324049331.5352,8233740597.9193,4077538.9697,1686225465.5251436
2019.3750,414.86,837757.9125,16629067701464.9961,8234759616.9434,4077875.3906,1691747384.5546875
2019.4583,414.15,836358.6549,16631811693149.6035,8235778720.0407,4078211.8254,1688991427.5055163
2019.5417,411.96,831970.3987,16634559319132.7773,8236799130.7794,4078548.6780,1680198913.404901
2019.6250,410.17,828389.5863,16637303990411.4258,8237818402.1348,4078885.1406,1673036318.1301563
2019.7083,408.76,825575.9647,16640049001325.2988,8238837757.5739,4079221.6171,1667422628.2012546
2019.7917,408.74,825569.6595,16642797647845.5352,8239858420.9676,4079558.5114,1667478745.9450948
2019.8750,410.47,829098.0913,16645543338521.7188,8240877944.6855,4079895.0156,1674674507.0635939
2019.9583,411.97,832162.2209,16648289368917.2148,8241897552.4976,4080231.5337,1680932984.9544108
2020.0417,413.59,835469.0467,16651039036227.1855,8242918468.5777,4080568.4697,1687682313.3993075
2020.1250,414.32,836978.1900,16653785746553.2812,8243938244.6895,4080905.0156,1690800566.07375
2020.2083,414.72,837820.7862,16656532796682.7891,8244958104.9057,4081241.5754,1692572506.1452806
2020.2917,416.42,841289.8697,16659283485035.1973,8245979273.7035,4081578.5531,1699650941.0772755
2020.3750,417.28,843062.0800,16662031215263.6133,8246999302.2402,4081915.1406,1703301549.8799999
2020.4583,416.58,841682.5186,16664779285379.5527,8248019414.8919,4082251.7420,1700584430.698561
2020.5417,414.58,837676.1780,16667530995027.1289,8249040836.4386,4082588.7614,1692559648.717335
2020.6250,412.75,834012.9688,16670279745410.3086,8250061117.4316,4082925.3906,1685227454.9804688
2020.7083,411.50,831521.4655,16673028835765.1309,8251081482.5500,4083262.0337,1680262326.8629782
2020.7917,411.49,831535.5766,16675781566960.6406,8252103156.8769,4083599.0948,1680360191.5146804
2020.8750,413.10,834823.4625,16678531337751.0547,8253123690.3574,4083935.7656,1687073864.7796876
2020.9583,414.23,837141.5566,16681281448597.2402,8254144307.9737,4084272.4503,1691828177.1038785
2021.0417,415.49,839722.6159,16684035201593.4824,8255166235.1121,4084609.5531,1697114423.2336774
2021.1250,416.72,842243.2100,16686785993043.6328,8256187021.1113,4084946.2656,1702278807.8112502
2021.2083,417.61,844076.7982,16689537124633.6973,8257207891.2568,4085282.9920,1706055030.2844803
2021.2917,419.01,846941.4352,16692291899683.4961,8258230071.2379,4085620.1365,1711915693.3902097
2021.3750,419.09,847138.0487,16695043712045.9180,8259251109.7871,4085956.8906,1712383673.292031
2021.4583,418.93,846849.5256,16697795864632.4062,8260272232.4930,4086293.6586,1711871002.4135902
2021.5417,416.90,842780.7347,16700551661988.6191,8261294665.3480,4086630.8448,1703716399.2133331
2021.6250,414.42,837801.8325,16703304495515.8789,8262315956.4785,4086967.6406,1693721129.6278126
2021.7083,413.26,835491.1721,16706057669351.3652,8263337331.7760,4087304.4503,1689119437.1263866
2021.7917,413.90,836819.5846,16708814489266.8848,8264360017.5364,4087641.6782,1691874890.6023815
2021.8750,414.97,839017.4688,16711568344211.5781,8265381561.2793,4087978.5156,1696388444.6289062
2021.9583,416.67,842489.3649,16714322539548.6719,8266403189.1996,4088315.3669,1703478363.9424274
2022.0417,418.13,845476.2960,16717080382276.4160,8267426127.8966,4088652.6365,1709588326.916006
2022.1250,419.24,847755.6850,16719835258891.1719,8268447924.2832,4088989.5156,1714267964.530625
2022.2083,418.76,846819.9477,16722590475982.5098,8269469804.8576,4089326.4086,1712446326.8606834
2022.2917,420.19,849746.7494,16725349341775.4336,8270492996.5224,4089663.7199,1718435798.4601128
2022.3750,420.97,851359.2038,16728105240312.9102,8271515045.5840,4090000.6406,1721767569.6839063
2022.4583,420.94,851333.5968,16730861479411.1621,8272537178.8438,4090337.5752,1721786698.9210584
2022.5417,418.85,847141.5910,16733621368522.2480,8273560623.5077,4090674.9282,1713379193.6928592
2022.6250,417.15,843738.0187,16736378289235.1367,8274582925.2754,4091011.8906,1706565610.1742187
2022.7083,415.91,841264.6091,16739135550593.0039,8275605311.2518,4091348.8669,1701632907.2277584
2022.7917,415.74,840955.4214,16741896463275.2656,8276629008.9460,4091686.2616,1701077646.3929653
2022.8750,417.47,844489.6263,16744654406416.2891,8277651563.4512,4092023.2656,1708296952.7004688
2022.9583,418.99,847599.2981,16747412690286.5039,8278674202.1754,4092360.2835,1714658035.1999595
2023.0417,419.47,848605.3019,16750174626792.9883,8279698152.9313,4092697.7199,1716763912.5827663
2023.1250,420.31,850339.6687,16752933592614.8984,8280720960.2051,4093034.7656,1720343442.3398438
2023.2083,420.99,851750.4622,16755692899250.2246,8281743851.7083,4093371.8252,1723268604.686271
2023.2917,423.31,856479.6095,16758455859834.0098,8282768055.5572,4093709.3033,1732908085.17522
2023.3750,424.00,857911.0000,16761215848589.5898,8283791115.6309,4094046.3906,1735875669.625
2023.4583,423.68,857298.8125,16763976178242.8223,8284814259.9444,4094383.4918,1734708397.822301
2023.5417,421.83,853590.5953,16766740163157.0137,8285838716.9175,4094721.0116,1727276164.339633
2023.6250,419.68,849274.9400,16769501175099.0820,8286862029.8223,4095058.1406,1718614000.4575
2023.7083,418.50,846921.9235,16772262528023.0469,8287885426.9773,4095395.2835,1713922926.1401005
2023.7917,418.82,847604.4398,16775027537520.7871,8288910137.1059,4095732.8450,1715374830.1382468
2023.8750,420.46,850958.4825,16777789572902.1875,8289933702.8730,4096070.0156,1722233598.7696874
2023.9583,421.86,853827.0484,16780551949349.7402,8290957352.9009,4096407.2001,1728110341.4505923
2024.0417,422.80,855764.8308,16783317983684.2012,8291982316.2162,4096744.8033,1732103702.8516827
2024.1250,424.55,859342.2688,16786081042757.8125,8293006134.8770,4097082.0156,1739416169.7335937
2024.2083,425.38,861057.7267,16788844442981.8418,8294030037.8088,4097419.2418,1742960197.072158
2024.2917,426.51,863380.6530,16791611502406.2246,8295055254.3422,4097756.8867,1747734289.7416785
2024.3750,426.90,864205.6875,16794375585424.9570,8296079325.9277,4098094.1406,1749476388.6328125
2024.4583,426.91,864261.4929,16797140009678.3848,8297103481.7948,4098431.4084,1749661352.5766468
2024.5417,425.55,861543.7204,16799908094445.9219,8298128951.5775,4098769.0950,1744231188.3937995
2024.6250,422.99,856396.1288,16802673201662.7148,8299153276.1191,4099106.3906,1733881012.1704688
2024.7083,422.03,854487.6438,16805438650198.4902,8300177684.9527,4099443.7001,1730088224.748514
2024.7917,422.38,855231.5182,16808207760562.4473,8301203408.0160,4099781.4284,1731665679.7228992
2024.8750,423.85,858243.2688,16810973892230.2734,8302227985.5449,4100118.7656,1737835338.8101563
2024.9583,425.40,861417.2608,16813740365301.3770,8303252647.3762,4100456.1167,1744334032.0607235
2025.0417,426.65,863984.0413,16816510501515.0527,8304278623.7513,4100793.8867,1749603711.7771473
2025.1250,427.09,864910.6362,16819277657886.9141,8305303454.2988,4101131.2656,1751552152.2357812
2025.2083,428.15,867092.9336,16822045155746.3613,8306328369.1590,4101468.6584,1756043806.0892031
2025.2917,429.64,870146.3260,16824816318063.0801,8307354598.8773,4101806.4701,1762300131.8089905
2025.3750,430.51,871944.1913,16827584499392.0117,8308379682.4746,4102143.8906,1766013966.3529687
